{"cameraMode":{"drawMode":0,"name":"Shaded","section":"Shading Mode"},"sceneLighting":false,"audioPlay":false,"sceneViewState":{"showFog":true,"showMaterialUpdate":false,"showSkybox":false,"showFlares":true,"showImageEffects":true,"showParticleSystems":true},"in2DMode":false,"pivot":{"x":2.3364996910095217,"y":11.362150192260743,"z":2.5225815773010256},"rotation":{"x":0.02909000590443611,"y":-0.8861850500106812,"z":0.458994060754776,"w":0.05616401880979538},"size":9.359583854675293,"orthographic":false}