{"cameraMode":{"drawMode":0,"name":"Shaded","section":"Shading Mode"},"sceneLighting":false,"audioPlay":false,"sceneViewState":{"showFog":true,"showMaterialUpdate":false,"showSkybox":false,"showFlares":true,"showImageEffects":true,"showParticleSystems":true},"in2DMode":false,"pivot":{"x":-7.647468090057373,"y":4.396174430847168,"z":0.07969975471496582},"rotation":{"x":-0.08473500609397888,"y":-0.8976807594299316,"z":0.1978171318769455,"w":-0.38452258706092837},"size":5.715769290924072,"orthographic":false}