{"cameraMode":{"drawMode":0,"name":"Shaded","section":"Shading Mode"},"sceneLighting":false,"audioPlay":false,"sceneViewState":{"showFog":true,"showMaterialUpdate":false,"showSkybox":true,"showFlares":true,"showImageEffects":true,"showParticleSystems":true},"in2DMode":false,"pivot":{"x":14.455497741699219,"y":-6.20104455947876,"z":18.772628784179689},"rotation":{"x":0.09341201186180115,"y":0.7060447931289673,"z":-0.09482213854789734,"w":0.6955457329750061},"size":45.76396179199219,"orthographic":false}