{"cameraMode":{"drawMode":0,"name":"Shaded","section":"Shading Mode"},"sceneLighting":false,"audioPlay":false,"sceneViewState":{"showFog":true,"showMaterialUpdate":false,"showSkybox":false,"showFlares":true,"showImageEffects":true,"showParticleSystems":true},"in2DMode":false,"pivot":{"x":0.11867138743400574,"y":6.265167713165283,"z":-11.985556602478028},"rotation":{"x":0.02718043513596058,"y":0.9594345688819885,"z":-0.26243579387664797,"w":0.09936826676130295},"size":5.7157673835754398,"orthographic":false}