{"cameraMode":{"drawMode":0,"name":"Shaded","section":"Shading Mode"},"sceneLighting":false,"audioPlay":false,"sceneViewState":{"showFog":true,"showMaterialUpdate":false,"showSkybox":false,"showFlares":true,"showImageEffects":true,"showParticleSystems":true},"in2DMode":false,"pivot":{"x":-10.49228572845459,"y":3.819999933242798,"z":-4.972944736480713},"rotation":{"x":0.02718043513596058,"y":0.9594345688819885,"z":-0.26243579387664797,"w":0.09936826676130295},"size":3.777022361755371,"orthographic":false}