{"cameraMode":{"drawMode":0,"name":"Shaded","section":"Shading Mode"},"sceneLighting":false,"audioPlay":false,"sceneViewState":{"showFog":true,"showMaterialUpdate":false,"showSkybox":false,"showFlares":true,"showImageEffects":true,"showParticleSystems":true},"in2DMode":false,"pivot":{"x":-10.278848648071289,"y":10.762174606323243,"z":-14.378486633300782},"rotation":{"x":-0.11170028150081635,"y":-0.7210112810134888,"z":0.11961276829242706,"w":-0.6733191609382629},"size":5.7157673835754398,"orthographic":false}