{"cameraMode":{"drawMode":0,"name":"Shaded","section":"Shading Mode"},"sceneLighting":false,"audioPlay":false,"sceneViewState":{"showFog":true,"showMaterialUpdate":false,"showSkybox":false,"showFlares":true,"showImageEffects":true,"showParticleSystems":true},"in2DMode":false,"pivot":{"x":5.3767571449279789,"y":10.395044326782227,"z":1.6900947093963624},"rotation":{"x":0.02909000590443611,"y":-0.8861850500106812,"z":0.458994060754776,"w":0.05616401880979538},"size":13.137978553771973,"orthographic":false}